"species_clean","order_clean","family_clean","n_records","n_georeferenced","n_locations","year_range","latest_year","n_provinces","countries","in_focal","percent_records","cumulative_percent","note"
"Sciurus vulgaris","Rodentia","Sciuridae",644,642,234,"1938 - 2026",2026,19,"KG, KZ, TJ, UZ",TRUE,8.58,8.6,""
"Apodemus sylvaticus","Rodentia","Muridae",544,2,2,"1903 - 2006",2006,3,"KG, KZ, UZ",TRUE,7.25,15.8,""
"Mus musculus","Rodentia","Muridae",459,120,50,"1843 - 2026",2026,26,"KG, KZ, TJ, TM, UZ",TRUE,6.11,21.9,""
"Apodemus sp.","Rodentia","Muridae",335,327,57,"1925 - 2009",2009,4,"KG, KZ, TJ, TM, UZ",TRUE,4.46,26.4,""
"Marmota baibacina","Rodentia","Sciuridae",325,301,174,"1943 - 2026",2026,11,"KG, KZ, TJ",TRUE,4.33,30.7,""
"Rhombomys opimus","Rodentia","Muridae",322,236,163,"1888 - 2026",2026,25,"KZ, TM, UZ",TRUE,4.29,35,""
"Allactaga elater","Rodentia","Dipodidae",232,73,33,"1901 - 2026",2026,15,"KG, KZ, TJ, TM, UZ",TRUE,3.09,38.1,""
"Ellobius tancrei","Rodentia","Cricetidae",223,174,58,"1908 - 2026",2026,13,"KG, KZ, TJ, UZ",TRUE,2.97,41.1,""
"Spermophilus fulvus","Rodentia","Sciuridae",214,204,163,"1896 - 2026",2026,27,"KG, KZ, TJ, TM, UZ",TRUE,2.85,43.9,""
"Hemiechinus auritus","Eulipotyphla","Erinaceidae",202,187,166,"1896 - 2026",2026,38,"KG, KZ, TJ, TM, UZ",TRUE,2.69,46.6,""
"Lepus tolai","Lagomorpha","Leporidae",187,185,159,"1896 - 2026",2026,23,"KG, KZ, TJ, UZ",TRUE,2.49,49.1,""
"Marmota bobak","Rodentia","Sciuridae",171,128,103,"1954 - 2026",2026,8,"KZ",TRUE,2.28,51.4,""
"Marmota caudata","Rodentia","Sciuridae",170,152,110,"1896 - 2026",2026,12,"KG, KZ, TJ, UZ",TRUE,2.26,53.7,""
"Ondatra zibethicus","Rodentia","Cricetidae",170,169,98,"2011 - 2026",2026,19,"KG, KZ, UZ",TRUE,2.26,55.9,""
"Cricetulus migratorius","Rodentia","Cricetidae",167,58,29,"1853 - 2026",2026,14,"KG, KZ, TJ, TM, UZ",TRUE,2.22,58.1,""
"Apodemus agrarius","Rodentia","Muridae",144,142,138,"1913 - 2024",2024,14,"KG, KZ",TRUE,1.92,60.1,""
"Meriones libycus","Rodentia","Muridae",123,20,18,"1841 - 2026",2026,11,"KG, KZ, TM, UZ",TRUE,1.64,61.7,""
"Rattus norvegicus","Rodentia","Muridae",118,60,41,"1988 - 2026",2026,13,"KG, KZ, TJ, TM, UZ",TRUE,1.57,63.3,""
"Meriones meridianus","Rodentia","Muridae",105,41,19,"1908 - 2025",2025,14,"KZ, TM, UZ",TRUE,1.4,64.7,""
"Erinaceus roumanicus","Eulipotyphla","Erinaceidae",103,103,62,"2007 - 2026",2026,10,"KZ",TRUE,1.37,66,""
"Apodemus uralensis","Rodentia","Muridae",88,17,11,"1909 - 2025",2025,9,"KZ, TM, UZ",TRUE,1.17,67.2,""
"Blanfordimys juldaschi","Rodentia","Cricetidae",85,25,2,"1890 - 2009",2009,6,"KG, TJ, UZ",FALSE,1.13,68.3,""
"Rattus pyctoris","Rodentia","Muridae",84,21,9,"1926 - 2026",2026,11,"KG, TJ, UZ",FALSE,1.12,69.5,""
"Ochotona rutila","Lagomorpha","Ochotonidae",83,78,44,"1892 - 2026",2026,14,"KG, KZ, TJ, TM, UZ",TRUE,1.11,70.6,""
"Spermophilus brevicauda","Rodentia","Sciuridae",81,81,22,"1948 - 2026",2026,6,"KZ",TRUE,1.08,71.7,""
"Crocidura suaveolens","Eulipotyphla","Soricidae",79,21,16,"1904 - 2016",2016,8,"KG, KZ, TJ, TM, UZ",TRUE,1.05,72.7,""
"Lepus europaeus","Lagomorpha","Leporidae",78,78,49,"1914 - 2026",2026,13,"KZ, UZ",TRUE,1.04,73.7,""
"Ellobius talpinus","Rodentia","Cricetidae",73,59,19,"1889 - 2026",2026,12,"KG, KZ, TM, UZ",TRUE,0.97,74.7,""
"Meriones tamariscinus","Rodentia","Muridae",73,16,8,"1878 - 2025",2025,10,"KG, KZ, UZ",TRUE,0.97,75.7,""
"Dipus sagitta","Rodentia","Dipodidae",71,26,18,"1892 - 2026",2026,12,"KG, KZ, TM, UZ",TRUE,0.95,76.6,""
"Spermophilopsis leptodactylus","Rodentia","Sciuridae",61,49,44,"1894 - 2026",2026,14,"KZ, TJ, TM, UZ",TRUE,0.81,77.4,""
"Apodemus pallipes","Rodentia","Muridae",57,48,1,"1907 - 1984",1984,3,"KG, TJ, UZ",FALSE,0.76,78.2,""
"Microtus ilaeus","Rodentia","Cricetidae",54,22,8,"1911 - 2023",2023,5,"KG, KZ",TRUE,0.72,78.9,""
"Microtus sp.","Rodentia","Cricetidae",52,47,22,"1879 - 2016",2016,9,"KG, KZ, TJ, UZ",TRUE,0.69,79.6,""
"Ellobius alaicus","Rodentia","Cricetidae",51,43,17,"1983 - 2018",2018,1,"KG, TJ",FALSE,0.68,80.3,""
"Alticola argentatus","Rodentia","Cricetidae",48,20,6,"1904 - 2006",2006,5,"KG, KZ, TJ, TM, UZ",TRUE,0.64,80.9,""
"Lepus timidus","Lagomorpha","Leporidae",48,47,20,"1924 - 2026",2026,10,"KZ",TRUE,0.64,81.6,""
"Microtus gregalis","Rodentia","Cricetidae",47,20,10,"1912 - 2016",2016,8,"KG, KZ",TRUE,0.63,82.2,""
"Hystrix indica","Rodentia","Hystricidae",41,37,32,"2016 - 2026",2026,12,"KG, KZ, TJ, TM, UZ",TRUE,0.55,82.7,""
"Myodes sp.","Rodentia","Cricetidae",41,35,4,"1960 - 2009",2009,4,"KG, KZ, TJ",TRUE,0.55,83.3,""
"Meriones sp.","Rodentia","Muridae",39,37,12,"1989 - 2022",2022,6,"KG, KZ, TM, UZ",TRUE,0.52,83.8,""
"Nesokia indica","Rodentia","Muridae",38,15,7,"1927 - 1989",1989,5,"TJ, TM, UZ",FALSE,0.51,84.3,""
"Stylodipus telum","Rodentia","Dipodidae",37,17,12,"1838 - 2016",2016,7,"KG, KZ",TRUE,0.49,84.8,""
"Pygeretmus pumilio","Rodentia","Dipodidae",36,19,10,"1839 - 2016",2016,8,"KZ, TM, UZ",TRUE,0.48,85.3,""
"Sicista tianshanica","Rodentia","Dipodidae",36,34,23,"1938 - 1986",1986,2,"KG, KZ",TRUE,0.48,85.8,""
"Allactaga major","Rodentia","Dipodidae",34,23,20,"1928 - 2026",2026,12,"KG, KZ, TJ, TM",TRUE,0.45,86.2,""
"Dryomys nitedula","Rodentia","Gliridae",34,13,11,"1938 - 2026",2026,8,"KG, KZ, TJ, TM",TRUE,0.45,86.7,""
"Spermophilus pygmaeus","Rodentia","Sciuridae",32,27,22,"1929 - 2025",2025,6,"KZ",TRUE,0.43,87.1,""
"Spermophilus relictus","Rodentia","Sciuridae",28,21,14,"1925 - 2026",2026,9,"KG, KZ, UZ",TRUE,0.37,87.5,""
"Cricetus cricetus","Rodentia","Cricetidae",27,16,16,"1924 - 2026",2026,7,"KZ",TRUE,0.36,87.8,""
"Rattus sp.","Rodentia","Muridae",27,27,4,"1925 - 2007",2007,3,"KG, UZ",FALSE,0.36,88.2,""
"Microtus arvalis","Rodentia","Cricetidae",26,6,2,"1894 - 2007",2007,5,"KG, KZ",TRUE,0.35,88.5,""
"Mus sp.","Rodentia","Muridae",25,21,6,"1923 - 2012",2012,5,"KG, KZ",TRUE,0.33,88.9,""
"Jaculus blanfordi","Rodentia","Dipodidae",24,12,4,"1966 - 1989",1989,4,"TM, UZ",FALSE,0.32,89.2,""
"Sorex tundrensis","Eulipotyphla","Soricidae",24,3,2,"2016 - 2016",2016,4,"KZ",TRUE,0.32,89.5,""
"Allocricetulus sp.","Rodentia","Cricetidae",23,21,5,"1970 - 2007",2007,4,"KZ, TJ",TRUE,0.31,89.8,""
"Spermophilus sp.","Rodentia","Sciuridae",23,22,20,"1882 - 2024",2024,13,"KG, KZ, TM, UZ",TRUE,0.31,90.1,""
"Urocitellus undulatus","Rodentia","Sciuridae",22,21,16,"1967 - 2026",2026,4,"KZ",TRUE,0.29,90.4,""
"Allactaga severtzovi","Rodentia","Dipodidae",21,13,7,"1915 - 2026",2026,6,"KZ, UZ",TRUE,0.28,90.7,""
"Sorex asper","Eulipotyphla","Soricidae",21,0,0,"1904 - 1962",1962,2,"KG, KZ",TRUE,0.28,91,"collection records only, none georeferenced"
"Alticola sp.","Rodentia","Cricetidae",20,20,10,"1925 - 2009",2009,6,"KG, KZ, TJ, UZ",TRUE,0.27,91.2,""
"Lagurus lagurus","Rodentia","Cricetidae",20,6,5,"1911 - 2021",2021,5,"KG, KZ",TRUE,0.27,91.5,""
"Allactaga sibirica","Rodentia","Dipodidae",19,8,6,"2007 - 2016",2016,5,"KG, KZ",TRUE,0.25,91.8,""
"Ellobius sp.","Rodentia","Cricetidae",19,5,4,"1912 - 1970",1970,6,"KG, KZ, TJ, TM",TRUE,0.25,92,""
"Muridae","Rodentia","Muridae",18,0,0,"1929 - 1929",1929,2,"KZ",TRUE,0.24,92.3,"collection records only, none georeferenced"
"Spermophilus erythrogenys","Rodentia","Sciuridae",17,14,11,"1956 - 2026",2026,4,"KZ",TRUE,0.23,92.5,""
"Ochotona macrotis","Lagomorpha","Ochotonidae",16,16,12,"1970 - 2023",2023,5,"KG, KZ, TJ",TRUE,0.21,92.7,""
"Paraechinus hypomelas","Eulipotyphla","Erinaceidae",16,12,11,"1978 - 2025",2025,6,"KZ, TM, UZ",TRUE,0.21,92.9,""
"Phodopus sp.","Rodentia","Cricetidae",16,9,4,"1911 - 1967",1967,2,"KZ, TJ",TRUE,0.21,93.1,""
"Castor fiber","Rodentia","Castoridae",15,15,11,"2012 - 2026",2026,3,"KZ",TRUE,0.2,93.3,""
"Diplomesodon pulchellus","Eulipotyphla","Soricidae",15,7,7,"1934 - 2024",2024,6,"KZ, TM, UZ",TRUE,0.2,93.5,""
"Myocastor coypus","Rodentia","Echimyidae",15,15,11,"2022 - 2025",2025,6,"KG, KZ, TJ, UZ",TRUE,0.2,93.7,""
"Microtus socialis","Rodentia","Cricetidae",14,2,2,"1929 - 2016",2016,5,"KZ, TM",TRUE,0.19,93.9,""
"Arvicola amphibius","Rodentia","Cricetidae",13,2,2,"1913 - 2022",2022,2,"KZ",TRUE,0.17,94.1,""
"Crocidura sp.","Eulipotyphla","Soricidae",13,13,5,"2007 - 2009",2009,4,"KG",FALSE,0.17,94.3,""
"Allactodipus bobrinskii","Rodentia","Dipodidae",12,7,6,"1959 - 2026",2026,7,"TM, UZ",FALSE,0.16,94.4,""
"Apodemus witherbyi","Rodentia","Muridae",12,0,0,"1989 - 1989",1989,2,"TM",FALSE,0.16,94.6,"collection records only, none georeferenced"
"Marmota menzbieri","Rodentia","Sciuridae",12,8,8,"1923 - 2025",2025,6,"KG, KZ, UZ",TRUE,0.16,94.7,""
"Crocidura leucodon","Eulipotyphla","Soricidae",11,6,4,"1905 - 1989",1989,2,"KZ, TJ, TM",TRUE,0.15,94.9,""
"Myodes centralis","Rodentia","Cricetidae",11,4,1,"1906 - 2016",2016,3,"KZ",TRUE,0.15,95,""
"Myodes rutilus","Rodentia","Cricetidae",11,1,1,"1927 - 2016",2016,2,"KZ",TRUE,0.15,95.2,""
"Myospalax myospalax","Rodentia","Spalacidae",11,8,7,"1926 - 2025",2025,2,"KZ",TRUE,0.15,95.3,""
"Ochotona alpina","Lagomorpha","Ochotonidae",11,9,7,"1985 - 2023",2023,3,"KG, KZ",TRUE,0.15,95.5,""
"Pygeretmus platyurus","Rodentia","Dipodidae",11,3,2,"1961 - 1968",1968,3,"KG, KZ, TJ",TRUE,0.15,95.6,""
"Pygeretmus shitkovi","Rodentia","Dipodidae",11,5,2,"1934 - 2016",2016,2,"KZ, UZ",TRUE,0.15,95.8,""
"Sicista subtilis","Rodentia","Dipodidae",11,11,4,"2007 - 2007",2007,2,"KZ",TRUE,0.15,95.9,""
"Allocricetulus eversmanni","Rodentia","Cricetidae",10,4,4,"1914 - 2024",2024,3,"KZ",TRUE,0.13,96,""
"Dryomys sp.","Rodentia","Gliridae",10,10,4,"1923 - 2007",2007,3,"KG, KZ, UZ",TRUE,0.13,96.2,""
"Marmota sp.","Rodentia","Sciuridae",10,1,1,"2022 - 2022",2022,1,"KG, KZ",TRUE,0.13,96.3,""
"Spermophilus nilkaensis","Rodentia","Sciuridae",10,10,10,"1977 - 2026",2026,3,"KG, KZ",TRUE,0.13,96.4,""
"Tamias sibiricus","Rodentia","Sciuridae",10,10,9,"2013 - 2025",2025,2,"KZ",TRUE,0.13,96.6,""
"Blanfordimys afghanus","Rodentia","Cricetidae",9,3,2,"1963 - 1989",1989,2,"TM",FALSE,0.12,96.7,""
"Ochotona opaca","Lagomorpha","Ochotonidae",9,9,5,"2021 - 2025",2025,1,"KZ",TRUE,0.12,96.8,""
"Pteromys volans","Rodentia","Sciuridae",9,9,9,"1927 - 2026",2026,3,"KZ",TRUE,0.12,96.9,""
"Spermophilus major","Rodentia","Sciuridae",9,6,5,"1924 - 2022",2022,5,"KG, KZ",TRUE,0.12,97.1,""
"Ochotona pallasi","Lagomorpha","Ochotonidae",8,6,3,"1989 - 1989",1989,2,"KZ",TRUE,0.11,97.2,""
"Ochotona rufescens","Lagomorpha","Ochotonidae",8,5,5,"1923 - 2017",2017,7,"KZ, TM",TRUE,0.11,97.3,""
"Alticola strelzowi","Rodentia","Cricetidae",7,1,1,"2016 - 2016",2016,2,"KZ",TRUE,0.09,97.4,""
"Cricetulus sp.","Rodentia","Cricetidae",7,3,2,"1922 - 2009",2009,3,"KG, KZ, TJ",TRUE,0.09,97.5,""
"Microtus transcaspicus","Rodentia","Cricetidae",7,1,1,"1949 - 1956",1956,2,"KZ, TM, UZ",TRUE,0.09,97.5,""
"Phodopus sungorus","Rodentia","Cricetidae",7,2,2,"1844 - 2026",2026,5,"KZ",TRUE,0.09,97.6,""
"Calomyscus mystax","Rodentia","Calomyscidae",6,2,2,"1962 - 1999",1999,4,"TM",FALSE,0.08,97.7,""
"Eolagurus luteus","Rodentia","Cricetidae",6,0,0,"1971 - 1971",1971,2,"KZ",TRUE,0.08,97.8,"collection records only, none georeferenced"
"Lepus tibetanus","Lagomorpha","Leporidae",6,6,6,"2013 - 2024",2024,1,"TJ",FALSE,0.08,97.9,""
"Salpingotus crassicauda","Rodentia","Dipodidae",6,3,3,"1961 - 1970",1970,4,"KZ",TRUE,0.08,98,""
"Blanfordimys bucharensis","Rodentia","Cricetidae",5,0,0,"1929 - 1955",1955,1,"TJ, UZ",FALSE,0.07,98,"collection records only, none georeferenced"
"Calomyscus bailwardi","Rodentia","Calomyscidae",5,4,1,"1989 - 1989",1989,2,"TM",FALSE,0.07,98.1,""
"Micromys minutus","Rodentia","Muridae",5,1,1,"1915 - 2016",2016,2,"KZ",TRUE,0.07,98.2,""
"Ochotona pusilla","Lagomorpha","Ochotonidae",5,3,2,"1937 - 1989",1989,4,"KZ",TRUE,0.07,98.2,""
"Sorex buchariensis","Eulipotyphla","Soricidae",5,0,0,"Inf - -Inf",NA,1,"TJ, UZ",FALSE,0.07,98.3,"collection records only, none georeferenced"
"Alticola macrotis","Rodentia","Cricetidae",4,3,1,"2005 - 2005",2005,2,"KZ",TRUE,0.05,98.3,""
"Cricetulus barabensis","Rodentia","Cricetidae",4,0,0,"Inf - -Inf",NA,1,"KZ",TRUE,0.05,98.4,"collection records only, none georeferenced"
"Crocidura serezkyensis","Eulipotyphla","Soricidae",4,0,0,"1989 - 1989",1989,1,"TJ",FALSE,0.05,98.5,"collection records only, none georeferenced"
"Ellobius fuscocapillus","Rodentia","Cricetidae",4,2,2,"1991 - 1993",1993,2,"TM",FALSE,0.05,98.5,""
"Eremodipus lichtensteini","Rodentia","Dipodidae",4,1,1,"1990 - 2016",2016,3,"KZ, TM, UZ",TRUE,0.05,98.6,""
"Myodes rufocanus","Rodentia","Cricetidae",4,1,1,"1927 - 1927",1927,1,"KZ",TRUE,0.05,98.6,""
"Paradipus ctenodactylus","Rodentia","Dipodidae",4,0,0,"1937 - 1937",1937,1,"TM, UZ",FALSE,0.05,98.7,"collection records only, none georeferenced"
"Sorex sp.","Eulipotyphla","Soricidae",4,0,0,"Inf - -Inf",NA,2,"TJ, UZ",FALSE,0.05,98.7,"collection records only, none georeferenced"
"Allactaga vinogradovi","Rodentia","Dipodidae",3,0,0,"Inf - -Inf",NA,1,"KG, KZ",TRUE,0.04,98.8,"collection records only, none georeferenced"
"Apodemus flavicollis","Rodentia","Muridae",3,1,1,"1924 - 2023",2023,2,"KZ, UZ",TRUE,0.04,98.8,""
"Blanfordimys sp.","Rodentia","Cricetidae",3,3,2,"1958 - 1968",1968,1,"TM",FALSE,0.04,98.8,""
"Microtus paradoxus","Rodentia","Cricetidae",3,0,0,"1989 - 1989",1989,2,"TM",FALSE,0.04,98.9,"collection records only, none georeferenced"
"Myospalax sp.","Rodentia","Spalacidae",3,2,2,"1956 - 1956",1956,1,"KZ",TRUE,0.04,98.9,""
"Pygeretmus sp.","Rodentia","Dipodidae",3,3,3,"1928 - 1928",1928,1,"KZ",TRUE,0.04,99,""
"Scarturus","Rodentia","Dipodidae",3,0,0,"Inf - -Inf",NA,1,"KZ, UZ",TRUE,0.04,99,"collection records only, none georeferenced"
"Sorex minutus","Eulipotyphla","Soricidae",3,0,0,"Inf - -Inf",NA,1,"KZ",TRUE,0.04,99,"collection records only, none georeferenced"
"Talpa altaica","Eulipotyphla","Talpidae",3,1,1,"1966 - 2012",2012,2,"KZ",TRUE,0.04,99.1,""
"Allactaga sp.","Rodentia","Dipodidae",2,1,1,"1910 - 1910",1910,2,"KZ, TM",TRUE,0.03,99.1,""
"Alticola roylei","Rodentia","Cricetidae",2,2,2,"1938 - 1960",1960,1,"KZ",TRUE,0.03,99.1,""
"Bramus sp.","Rodentia","Cricetidae",2,0,0,"1985 - 1987",1987,1,"TM",FALSE,0.03,99.2,"collection records only, none georeferenced"
"Eolagurus sp.","Rodentia","Cricetidae",2,0,0,"1968 - 1968",1968,1,"TJ",FALSE,0.03,99.2,"collection records only, none georeferenced"
"Erinaceidae","Eulipotyphla","Erinaceidae",2,1,1,"1973 - 2003",2003,1,"TM, UZ",FALSE,0.03,99.2,""
"Jaculus sp.","Rodentia","Dipodidae",2,2,1,"1968 - 1968",1968,1,"KG",FALSE,0.03,99.2,""
"Lepus capensis","Lagomorpha","Leporidae",2,0,0,"1929 - 1929",1929,1,"KZ",TRUE,0.03,99.3,"collection records only, none georeferenced"
"Meriones zarudnyi","Rodentia","Muridae",2,0,0,"Inf - -Inf",NA,1,"TM",FALSE,0.03,99.3,"collection records only, none georeferenced"
"Myodes glareolus","Rodentia","Cricetidae",2,0,0,"1896 - 1904",1904,1,"KZ",TRUE,0.03,99.3,"collection records only, none georeferenced"
"Myomimus personatus","Rodentia","Gliridae",2,1,1,"1983 - 1983",1983,1,"TM",FALSE,0.03,99.3,""
"Neodon sp.","Rodentia","Cricetidae",2,1,1,"1966 - 2007",2007,2,"KG, TJ",FALSE,0.03,99.4,""
"Niviventer fulvescens","Rodentia","Muridae",2,0,0,"1880 - 1880",1880,1,"KZ",TRUE,0.03,99.4,"collection records only, none georeferenced"
"Ochotona dauurica","Lagomorpha","Ochotonidae",2,1,1,"1967 - 1967",1967,2,"KG",FALSE,0.03,99.4,""
"Rodentia","Rodentia","Unknown",2,1,1,"Inf - -Inf",NA,1,"KZ, TM",TRUE,0.03,99.5,""
"Sicista napaea","Rodentia","Dipodidae",2,1,1,"1915 - 1926",1926,1,"KZ",TRUE,0.03,99.5,""
"Sicista pseudonapaea","Rodentia","Dipodidae",2,0,0,"Inf - -Inf",NA,1,"KZ",TRUE,0.03,99.5,"collection records only, none georeferenced"
"Sorex araneus","Eulipotyphla","Soricidae",2,1,1,"2016 - 2016",2016,2,"KZ",TRUE,0.03,99.5,""
"Spalax uralensis","Rodentia","Spalacidae",2,0,0,"Inf - -Inf",NA,2,"KZ",TRUE,0.03,99.6,"collection records only, none georeferenced"
"Spermophilus citellus","Rodentia","Sciuridae",2,2,2,"2012 - 2012",2012,1,"UZ",FALSE,0.03,99.6,""
"Suncus etruscus","Eulipotyphla","Soricidae",2,2,1,"1981 - 1981",1981,1,"TM",FALSE,0.03,99.6,""
"Apodemus peninsulae","Rodentia","Muridae",1,0,0,"2007 - 2007",2007,1,"KZ",TRUE,0.01,99.6,"collection records only, none georeferenced"
"Arvicolidae","Rodentia","Cricetidae",1,0,0,"1993 - 1993",1993,1,"KG",FALSE,0.01,99.6,"collection records only, none georeferenced"
"BOLD:AAC0496","Rodentia","Dipodidae",1,0,0,"2007 - 2007",2007,1,"KZ",TRUE,0.01,99.7,"collection records only, none georeferenced"
"BOLD:ABZ2166","Rodentia","Unknown",1,1,1,"Inf - -Inf",NA,1,"TJ",FALSE,0.01,99.7,""
"Calomyscus hotsoni","Rodentia","Calomyscidae",1,0,0,"1927 - 1927",1927,1,"TM",FALSE,0.01,99.7,"collection records only, none georeferenced"
"Cardiocranius paradoxus","Rodentia","Dipodidae",1,1,1,"2016 - 2016",2016,1,"KZ",TRUE,0.01,99.7,""
"Cricetus sp.","Rodentia","Cricetidae",1,0,0,"Inf - -Inf",NA,1,"TJ",FALSE,0.01,99.7,"collection records only, none georeferenced"
"Desmana moschata","Eulipotyphla","Talpidae",1,1,1,"1884 - 1884",1884,1,"KG",FALSE,0.01,99.7,""
"Erinaceus europaeus","Eulipotyphla","Erinaceidae",1,0,0,"Inf - -Inf",NA,1,"KZ",TRUE,0.01,99.7,"collection records only, none georeferenced"
"Euchoreutes naso","Rodentia","Dipodidae",1,1,1,"1989 - 1989",1989,1,"TM",FALSE,0.01,99.7,""
"Marmota marmota","Rodentia","Sciuridae",1,1,1,"2022 - 2022",2022,1,"KG",FALSE,0.01,99.8,""
"Marmota sibirica","Rodentia","Sciuridae",1,0,0,"1967 - 1967",1967,1,"TJ",FALSE,0.01,99.8,"collection records only, none georeferenced"
"Meriones persicus","Rodentia","Muridae",1,0,0,"1989 - 1989",1989,1,"TM",FALSE,0.01,99.8,"collection records only, none georeferenced"
"Mesocricetus sp.","Rodentia","Cricetidae",1,0,0,"Inf - -Inf",NA,1,"TJ",FALSE,0.01,99.8,"collection records only, none georeferenced"
"Microtus guentheri","Rodentia","Cricetidae",1,0,0,"Inf - -Inf",NA,1,"KZ",TRUE,0.01,99.8,"collection records only, none georeferenced"
"Microtus oeconomus","Rodentia","Cricetidae",1,0,0,"2007 - 2007",2007,1,"KZ",TRUE,0.01,99.8,"collection records only, none georeferenced"
"Myopus schisticolor","Rodentia","Cricetidae",1,1,1,"1969 - 1969",1969,1,"KZ",TRUE,0.01,99.8,""
"Notiosorex sp.","Eulipotyphla","Soricidae",1,1,1,"2017 - 2017",2017,1,"KG",FALSE,0.01,99.9,""
"Ochotona princeps","Lagomorpha","Ochotonidae",1,0,0,"1961 - 1961",1961,1,"KZ",TRUE,0.01,99.9,"collection records only, none georeferenced"
"Ochotona sp.","Lagomorpha","Ochotonidae",1,0,0,"Inf - -Inf",NA,1,"KG",FALSE,0.01,99.9,"collection records only, none georeferenced"
"Oryctolagus cuniculus","Lagomorpha","Leporidae",1,0,0,"2024 - 2024",2024,1,"UZ",FALSE,0.01,99.9,"collection records only, none georeferenced"
"Prometheomys schaposchnikowi","Rodentia","Cricetidae",1,0,0,"1953 - 1953",1953,1,"KZ",TRUE,0.01,99.9,"collection records only, none georeferenced"
"Rattus rattus","Rodentia","Muridae",1,1,1,"1957 - 1957",1957,1,"KG",FALSE,0.01,99.9,""
"Salpingotus heptneri","Rodentia","Dipodidae",1,0,0,"Inf - -Inf",NA,1,"UZ",FALSE,0.01,99.9,"collection records only, none georeferenced"
"Salpingotus pallidus","Rodentia","Dipodidae",1,0,0,"Inf - -Inf",NA,1,"KZ",TRUE,0.01,99.9,"collection records only, none georeferenced"
"Sciurus sp.","Rodentia","Sciuridae",1,1,1,"2019 - 2019",2019,1,"UZ",FALSE,0.01,100,""
"Selevinia betpakdalaensis","Rodentia","Gliridae",1,0,0,"Inf - -Inf",NA,1,"KZ",TRUE,0.01,100,"collection records only, none georeferenced"
"Spermophilus musicus","Rodentia","Sciuridae",1,0,0,"1972 - 1972",1972,1,"TJ",FALSE,0.01,100,"collection records only, none georeferenced"
"Spermophilus ralli","Rodentia","Sciuridae",1,1,1,"2024 - 2024",2024,1,"KZ",TRUE,0.01,100,""
